USE_CODE,USE_FNAME,USE_LNAME,USE_INITIAL,USE_PHONE,USE_EMAIL
10000,Viviene,Smith,,1549417633,Viviene.1@gmail.com
10001,Katleen,Johnson,,8713010661,Katleen.2@gmail.com
10002,Vita,Wyman,,3136989089,Vita.3@gmail.com
10003,Dominga,Trout,,4170632617,Dominga.4@gmail.com
10004,Therine,Farmer,,1846937133,Therine.5@gmail.com
10005,Danny,Miller,,2025115715,Danny.6@gmail.com
10006,Adore,Harmon,,445166810,Adore.7@gmail.com
10007,Claresta,Davidson,,5390741577,Claresta.8@gmail.com
10008,Althea,Elliott,,1152811561,Althea.9@gmail.com
10009,Netty,Zoffer,,756760449,Netty.10@gmail.com
10010,Ellette,Krupp,,6067787117,Ellette.11@gmail.com
10011,Brana,Kittridge,,4071456613,Brana.12@gmail.com
10012,Candi,Scott,,1405386404,Candi.13@gmail.com
10013,Gratia,Hess,,3218163615,Gratia.14@gmail.com
10014,Ingrid,Dallas,,9084611037,Ingrid.15@gmail.com
10015,Angelique,Walker,,3148536871,Angelique.16@gmail.com
10016,Shel,Duncan,,2125813419,Shel.17@gmail.com
10017,Clarice,Buchanan,,1059289732,Clarice.18@gmail.com
10018,Devina,Gene,,1200924462,Devina.19@gmail.com
10019,Dominga,Perry,,4762086497,Dominga.20@gmail.com
10020,Iseabal,Mothers,,9310331751,Iseabal.21@gmail.com
10021,Carly,Brothers,,6896038929,Carly.22@gmail.com
10022,Mariann,Weinstein,,9803271155,Mariann.23@gmail.com
10023,Annice,Wientraub,,6429521461,Annice.24@gmail.com
10024,Elise,Gwinette,,6429521462,Elise.25@gmail.com
